{"cameraMode":{"drawMode":0,"name":"Shaded","section":"Shading Mode"},"sceneLighting":true,"audioPlay":false,"sceneViewState":{"showFog":true,"showMaterialUpdate":false,"showSkybox":true,"showFlares":true,"showImageEffects":true,"showParticleSystems":true},"in2DMode":false,"pivot":{"x":0.4201686382293701,"y":0.2927839756011963,"z":4.974812030792236},"rotation":{"x":-0.21374113857746125,"y":-0.08866139501333237,"z":0.019483890384435655,"w":-0.9726635217666626},"size":5.544077396392822,"orthographic":false}